id,focus,file,number,target,category
2,美容師,美容師_サジェスト.csv,102,美容師国家試験,
3,美容師,美容師_サジェスト.csv,103,美容師 年収,
4,美容師,美容師_サジェスト.csv,104,美容師 英語,
5,美容師,美容師_サジェスト.csv,105,美容師免許,
6,美容師,美容師_サジェスト.csv,106,美容師が 認める 市販シャンプー,
7,美容師,美容師_サジェスト.csv,107,美容師になるには,
8,美容師,美容師_サジェスト.csv,108,美容師 資格,
9,美容師,美容師_サジェスト.csv,109,美容師イラスト,
10,美容師,美容師_サジェスト.csv,110,美容師給料,
12,美容師,美容師_サジェスト.csv,201,美容師国家試験 過去問,
13,美容師,美容師_サジェスト.csv,202,美容師国家試験 合格率,
14,美容師,美容師_サジェスト.csv,203,美容師国家試験 日程,
15,美容師,美容師_サジェスト.csv,204,美容師国家試験 実技,
16,美容師,美容師_サジェスト.csv,205,美容師国家試験 2024,
17,美容師,美容師_サジェスト.csv,206,美容師国家試験合格発表,
18,美容師,美容師_サジェスト.csv,207,美容師国家試験 50回 日程,
19,美容師,美容師_サジェスト.csv,208,美容師国家試験 合格率 学校別,
20,美容師,美容師_サジェスト.csv,209,美容師国家試験 48回 日程,
22,美容師,美容師_サジェスト.csv,301,美容師 年収1000万,
23,美容師,美容師_サジェスト.csv,302,美容師 年収 20代,
24,美容師,美容師_サジェスト.csv,303,美容師 年収 独立,
25,美容師,美容師_サジェスト.csv,304,美容師 年収 店長,
26,美容師,美容師_サジェスト.csv,305,美容師 年収 平均,
27,美容師,美容師_サジェスト.csv,306,美容師 年収 中央値,
28,美容師,美容師_サジェスト.csv,307,美容師 年収 700万,
29,美容師,美容師_サジェスト.csv,308,美容師 年収 東京,
30,美容師,美容師_サジェスト.csv,309,美容師 年収 表参道,
32,美容師,美容師_サジェスト.csv,401,美容師 英語 読み方,
33,美容師,美容師_サジェスト.csv,402,美容師 英語 接客,
34,美容師,美容師_サジェスト.csv,403,美容師 英語 カタカナ,
35,美容師,美容師_サジェスト.csv,404,美容師 英語 簡単,
36,美容師,美容師_サジェスト.csv,405,美容師 英語 発音,
37,美容師,美容師_サジェスト.csv,406,美容師 英語 言い方,
38,美容師,美容師_サジェスト.csv,407,美容師 英語でなんていう,
39,美容師,美容師_サジェスト.csv,408,美容師 英語でなんて言う,
40,美容師,美容師_サジェスト.csv,409,美容師 英語 求人,
42,美容師,美容師_サジェスト.csv,501,美容師免許 通信,
43,美容師,美容師_サジェスト.csv,502,美容師免許 再発行,
44,美容師,美容師_サジェスト.csv,503,美容師免許 最短,
45,美容師,美容師_サジェスト.csv,504,美容師免許申請,
46,美容師,美容師_サジェスト.csv,505,美容師免許 名前変更,
47,美容師,美容師_サジェスト.csv,506,美容師免許 履歴書,
48,美容師,美容師_サジェスト.csv,507,美容師免許 通信 アイリスト,
49,美容師,美容師_サジェスト.csv,508,美容師免許 通信 主婦,
50,美容師,美容師_サジェスト.csv,509,美容師免許申請 診断書,
52,美容師,美容師_サジェスト.csv,601,美容師が 認める 市販シャンプー メンズ,
53,美容師,美容師_サジェスト.csv,602,美容師が 認める 市販シャンプー 安い,
54,美容師,美容師_サジェスト.csv,603,美容師が 認める 市販シャンプー ダメージケア,
55,美容師,美容師_サジェスト.csv,604,美容師が 認める 市販シャンプー くせ毛,
56,美容師,美容師_サジェスト.csv,605,美容師が 認める 市販シャンプー しっとり,
57,美容師,美容師_サジェスト.csv,606,美容師が 認める 市販シャンプー 2024,
58,美容師,美容師_サジェスト.csv,607,美容師が 認める 市販シャンプー 抜け毛,
59,美容師,美容師_サジェスト.csv,608,美容師が 認める 市販シャンプー カラー,
60,美容師,美容師_サジェスト.csv,609,美容師が 認める 市販シャンプー いち髪,
62,美容師,美容師_サジェスト.csv,701,美容師になるには 中学生,
63,美容師,美容師_サジェスト.csv,702,美容師になるには 費用,
64,美容師,美容師_サジェスト.csv,703,美容師になるには 高校生,
65,美容師,美容師_サジェスト.csv,704,美容師になるには 主婦,
66,美容師,美容師_サジェスト.csv,705,美容師になるには 大学,
67,美容師,美容師_サジェスト.csv,706,美容師になるには 進路,
68,美容師,美容師_サジェスト.csv,707,美容師になるには何年かかる,
69,美容師,美容師_サジェスト.csv,708,美容師になるには 高校,
70,美容師,美容師_サジェスト.csv,709,美容師になるには 高校は何科,
72,美容師,美容師_サジェスト.csv,801,美容師 資格 働きながら,
73,美容師,美容師_サジェスト.csv,802,美容師 資格なし,
74,美容師,美容師_サジェスト.csv,803,美容師 資格 種類,
75,美容師,美容師_サジェスト.csv,804,美容師 資格 難易度,
76,美容師,美容師_サジェスト.csv,805,美容師 資格 最短,
77,美容師,美容師_サジェスト.csv,806,美容師 資格 費用,
78,美容師,美容師_サジェスト.csv,807,美容師 資格 取り方,
79,美容師,美容師_サジェスト.csv,808,美容師 資格名,
80,美容師,美容師_サジェスト.csv,809,美容師 資格 正式名称,
82,美容師,美容師_サジェスト.csv,901,美容師イラストや,
83,美容師,美容師_サジェスト.csv,902,美容師イラスト簡単,
84,美容師,美容師_サジェスト.csv,903,美容師イラスト可愛い,
85,美容師,美容師_サジェスト.csv,904,美容師イラストおしゃれ,
86,美容師,美容師_サジェスト.csv,905,美容師イラストかわいい,
87,美容師,美容師_サジェスト.csv,906,美容師イラスト道具,
88,美容師,美容師_サジェスト.csv,907,美容師イラストフリー,
89,美容師,美容師_サジェスト.csv,908,美容師イラスト屋,
90,美容師,美容師_サジェスト.csv,909,美容師イラスト無料,
92,美容師,美容師_サジェスト.csv,1001,美容師給料平均,
93,美容師,美容師_サジェスト.csv,1002,美容師給料安い,
94,美容師,美容師_サジェスト.csv,1003,美容師給料いくら,
95,美容師,美容師_サジェスト.csv,1004,美容師給料日,
96,美容師,美容師_サジェスト.csv,1005,美容師給料年収,
97,美容師,美容師_サジェスト.csv,1006,美容師給料高い,
98,美容師,美容師_サジェスト.csv,1007,美容師給料女性,
99,美容師,美容師_サジェスト.csv,1008,美容師給料明細,
103,美容師,美容師_サジェスト.csv,1400,美容師 給料,
104,美容師,美容師_サジェスト.csv,1500,美容師 国家試験,
105,美容師,美容師_サジェスト.csv,1600,美容師 イラスト,
106,美容師,美容師_サジェスト.csv,1700,美容師 求人,
107,美容師,美容師_サジェスト.csv,1800,美容師 仕事内容,
108,美容師,美容師_サジェスト.csv,1900,美容師 おすすめ シャンプー 市販,
109,美容師,美容師_サジェスト.csv,2000,美容師 専門学校,
110,美容師,美容師_サジェスト.csv,2100,美容師 アシスタント,
111,美容師,美容師_サジェスト.csv,2200,美容師 アシスタント 給料,
112,美容師,美容師_サジェスト.csv,2300,美容師 アシスタント 何年,
113,美容師,美容師_サジェスト.csv,2400,美容師 アシスタント 求人,
114,美容師,美容師_サジェスト.csv,2500,美容師 アシスタント あるある,
115,美容師,美容師_サジェスト.csv,2600,美容師 als,
116,美容師,美容師_サジェスト.csv,2700,美容師 アイロン,
117,美容師,美容師_サジェスト.csv,2800,美容師 あいり,
118,美容師,美容師_サジェスト.csv,2900,美容師 ai,
119,美容師,美容師_サジェスト.csv,3000,美容師 アルバイト,
121,美容師,美容師_サジェスト.csv,3200,美容師 イラスト 簡単,
122,美容師,美容師_サジェスト.csv,3300,美容師 インスタ,
123,美容師,美容師_サジェスト.csv,3400,美容師 イケメン,
124,美容師,美容師_サジェスト.csv,3500,美容師 いらすとや,
125,美容師,美容師_サジェスト.csv,3600,美容師 イラスト フリー,
126,美容師,美容師_サジェスト.csv,3700,美容師 医師の診断書,
127,美容師,美容師_サジェスト.csv,3800,美容師 インスタ dm,
128,美容師,美容師_サジェスト.csv,3900,美容師 イラスト 道具,
129,美容師,美容師_サジェスト.csv,4000,美容師 忙しい時期,
130,美容師,美容師_サジェスト.csv,4100,美容師 ウエストポーチ,
131,美容師,美容師_サジェスト.csv,4200,美容師 ウィッグ,
132,美容師,美容師_サジェスト.csv,4300,美容師 売り上げ 100万 給料,
133,美容師,美容師_サジェスト.csv,4400,美容師 うつ病 免許,
134,美容師,美容師_サジェスト.csv,4500,美容師 うつ病,
135,美容師,美容師_サジェスト.csv,4600,美容師 植村 死因,
136,美容師,美容師_サジェスト.csv,4700,美容師 浮気率,
137,美容師,美容師_サジェスト.csv,4800,美容師 売上 150万 給料,
138,美容師,美容師_サジェスト.csv,4900,美容師 うざい,
139,美容師,美容師_サジェスト.csv,5000,美容師 腕時計,
141,美容師,美容師_サジェスト.csv,5200,美容師 エプロン,
142,美容師,美容師_サジェスト.csv,5300,美容師 英語で,
143,美容師,美容師_サジェスト.csv,5400,美容師 炎上,
145,美容師,美容師_サジェスト.csv,5600,美容師 エプロン 撥水,
146,美容師,美容師_サジェスト.csv,5700,美容師 選び方,
147,美容師,美容師_サジェスト.csv,5800,美容師 エプロン ブランド,
148,美容師,美容師_サジェスト.csv,5900,美容師 エプロン インスタ,
149,美容師,美容師_サジェスト.csv,6000,美容師 絵,
151,美容師,美容師_サジェスト.csv,6200,美容師 おすすめ シャンプー,
152,美容師,美容師_サジェスト.csv,6300,美容師 おすすめ ヘアパック,
153,美容師,美容師_サジェスト.csv,6400,美容師 おすすめトリートメント,
154,美容師,美容師_サジェスト.csv,6500,美容師 おすすめ ヘアゴム,
155,美容師,美容師_サジェスト.csv,6600,美容師 おすすめ ヘアクリーム,
156,美容師,美容師_サジェスト.csv,6700,美容師 おすすめ ノンシリコンシャンプー 市販,
157,美容師,美容師_サジェスト.csv,6800,美容師 おまかせ,
158,美容師,美容師_サジェスト.csv,6900,美容師 お礼 メッセージ,
159,美容師,美容師_サジェスト.csv,7000,美容師 お直し ペナルティ,
160,美容師,美容師_サジェスト.csv,7100,美容師 確定申告,
161,美容師,美容師_サジェスト.csv,7200,美容師 何歳から,
162,美容師,美容師_サジェスト.csv,7300,美容師 過去問,
163,美容師,美容師_サジェスト.csv,7400,美容師 カット 基本,
164,美容師,美容師_サジェスト.csv,7500,美容師 彼氏,
165,美容師,美容師_サジェスト.csv,7600,美容師 韓国語,
166,美容師,美容師_サジェスト.csv,7700,美容師 カミソリ,
167,美容師,美容師_サジェスト.csv,7800,美容師 開業 年収,
168,美容師,美容師_サジェスト.csv,7900,美容師 会社員,
169,美容師,美容師_サジェスト.csv,8000,美容師 髪型,
172,美容師,美容師_サジェスト.csv,8300,美容師 京極,
173,美容師,美容師_サジェスト.csv,8400,美容師 勤務時間,
174,美容師,美容師_サジェスト.csv,8500,美容師 給料 平均,
175,美容師,美容師_サジェスト.csv,8600,美容師 客 好意 サイン,
176,美容師,美容師_サジェスト.csv,8700,美容師 求人 東京,
177,美容師,美容師_サジェスト.csv,8800,美容師 休日,
178,美容師,美容師_サジェスト.csv,8900,美容師 給料 手取り,
179,美容師,美容師_サジェスト.csv,9000,美容師 きつい,
180,美容師,美容師_サジェスト.csv,9100,美容師 靴,
181,美容師,美容師_サジェスト.csv,9200,美容師 くし,
182,美容師,美容師_サジェスト.csv,9300,美容師 クランプ,
183,美容師,美容師_サジェスト.csv,9400,美容師 クリップ,
184,美容師,美容師_サジェスト.csv,9500,美容師 苦労,
185,美容師,美容師_サジェスト.csv,9600,美容師 靴カバー,
186,美容師,美容師_サジェスト.csv,9700,美容師 クズ,
187,美容師,美容師_サジェスト.csv,9800,美容師 口コミ 嬉しい,
188,美容師,美容師_サジェスト.csv,9900,美容師 クイズ,
189,美容師,美容師_サジェスト.csv,10000,美容師 クレーム,
190,美容師,美容師_サジェスト.csv,10100,美容師 結核 皮膚疾患 診断書 ダウンロード,
191,美容師,美容師_サジェスト.csv,10200,美容師 健康診断書,
192,美容師,美容師_サジェスト.csv,10300,美容師 結婚,
193,美容師,美容師_サジェスト.csv,10400,美容師 経費で落とせるもの,
194,美容師,美容師_サジェスト.csv,10500,美容師 腱鞘炎,
195,美容師,美容師_サジェスト.csv,10600,美容師 結核 皮膚疾患 診断書,
196,美容師,美容師_サジェスト.csv,10700,美容師 健康保険,
197,美容師,美容師_サジェスト.csv,10800,美容師 健康診断,
198,美容師,美容師_サジェスト.csv,10900,美容師 検索,
199,美容師,美容師_サジェスト.csv,11000,美容師 結核 皮膚疾患 診断書 ダウンロード 東京,
201,美容師,美容師_サジェスト.csv,11200,美容師 国家資格,
202,美容師,美容師_サジェスト.csv,11300,美容師 国家試験 日程,
203,美容師,美容師_サジェスト.csv,11400,美容師 こうせい 結婚,
204,美容師,美容師_サジェスト.csv,11500,美容師 国試,
205,美容師,美容師_サジェスト.csv,11600,美容師 こうせい,
206,美容師,美容師_サジェスト.csv,11700,美容師 個人事業主,
207,美容師,美容師_サジェスト.csv,11800,美容師 国家試験 合格率,
208,美容師,美容師_サジェスト.csv,11900,美容師 高校,
209,美容師,美容師_サジェスト.csv,12000,美容師 コーム,
210,美容師,美容師_サジェスト.csv,12100,美容師 齋藤,
211,美容師,美容師_サジェスト.csv,12200,美容師 差し入れ,
212,美容師,美容師_サジェスト.csv,12300,美容師 坂巻,
213,美容師,美容師_サジェスト.csv,12400,美容師 サービス業,
214,美容師,美容師_サジェスト.csv,12500,美容師 斎藤,
215,美容師,美容師_サジェスト.csv,12600,美容師 採用,
216,美容師,美容師_サジェスト.csv,12700,美容師 探し方,
217,美容師,美容師_サジェスト.csv,12800,美容師 差し入れ コンビニ,
218,美容師,美容師_サジェスト.csv,12900,美容師 産休,
219,美容師,美容師_サジェスト.csv,13000,美容師 最短,
222,美容師,美容師_サジェスト.csv,13300,美容師 診断書,
223,美容師,美容師_サジェスト.csv,13400,美容師 シャンプー,
224,美容師,美容師_サジェスト.csv,13500,美容師 初任給,
225,美容師,美容師_サジェスト.csv,13600,美容師 シザーケース,
226,美容師,美容師_サジェスト.csv,13700,美容師 診断書 ダウンロード,
227,美容師,美容師_サジェスト.csv,13800,美容師 志望動機,
228,美容師,美容師_サジェスト.csv,13900,美容師 シザー,
230,美容師,美容師_サジェスト.csv,14100,美容師 スタイリスト,
231,美容師,美容師_サジェスト.csv,14200,美容師 スタイリストになるまで,
232,美容師,美容師_サジェスト.csv,14300,美容師 すきバサミ,
233,美容師,美容師_サジェスト.csv,14400,美容師 ストレートアイロン,
234,美容師,美容師_サジェスト.csv,14500,美容師 スタイリスト 年収,
235,美容師,美容師_サジェスト.csv,14600,美容師 好きになった,
236,美容師,美容師_サジェスト.csv,14700,美容師 スタイリスト 違い,
237,美容師,美容師_サジェスト.csv,14800,美容師 数,
238,美容師,美容師_サジェスト.csv,14900,美容師 好きバレ,
239,美容師,美容師_サジェスト.csv,15000,美容師 スケジュール,
241,美容師,美容師_サジェスト.csv,15200,美容師 専門学校 学費,
242,美容師,美容師_サジェスト.csv,15300,美容師 専門学校 何年,
243,美容師,美容師_サジェスト.csv,15400,美容師 精神疾患 診断書,
244,美容師,美容師_サジェスト.csv,15500,美容師 施術,
245,美容師,美容師_サジェスト.csv,15600,美容師 精神疾患,
246,美容師,美容師_サジェスト.csv,15700,美容師 セミナー,
247,美容師,美容師_サジェスト.csv,15800,美容師 正式名称 履歴書,
248,美容師,美容師_サジェスト.csv,15900,美容師 セット 下手,
249,美容師,美容師_サジェスト.csv,16000,美容師 専門学校 東京,
250,美容師,美容師_サジェスト.csv,16100,美容師 そう,
251,美容師,美容師_サジェスト.csv,16200,美容師 相談,
252,美容師,美容師_サジェスト.csv,16300,美容師 損害保険,
253,美容師,美容師_サジェスト.csv,16400,美容師 相談 dm,
254,美容師,美容師_サジェスト.csv,16500,美容師 足痛い,
255,美容師,美容師_サジェスト.csv,16600,美容師 その後,
256,美容師,美容師_サジェスト.csv,16700,美容師 足臭い,
257,美容師,美容師_サジェスト.csv,16800,美容師 素材,
258,美容師,美容師_サジェスト.csv,16900,美容師 訴訟,
259,美容師,美容師_サジェスト.csv,17000,美容師 壮,
260,美容師,美容師_サジェスト.csv,17100,美容師 大変なこと,
261,美容師,美容師_サジェスト.csv,17200,美容師 タオル,
262,美容師,美容師_サジェスト.csv,17300,美容師 高木,
263,美容師,美容師_サジェスト.csv,17400,美容師 タトゥー,
264,美容師,美容師_サジェスト.csv,17500,美容師 退職金,
265,美容師,美容師_サジェスト.csv,17600,美容師 大切なこと,
266,美容師,美容師_サジェスト.csv,17700,美容師 退職 お客様 dm,
267,美容師,美容師_サジェスト.csv,17800,美容師 タメ口,
268,美容師,美容師_サジェスト.csv,17900,美容師 大家族,
269,美容師,美容師_サジェスト.csv,18000,美容師 誕生日プレゼント,
270,美容師,美容師_サジェスト.csv,18100,美容師 中卒,
271,美容師,美容師_サジェスト.csv,18200,美容師 チャラい,
272,美容師,美容師_サジェスト.csv,18300,美容師 中学卒業後の進路,
273,美容師,美容師_サジェスト.csv,18400,美容師 中途採用,
274,美容師,美容師_サジェスト.csv,18500,美容師 中国語,
275,美容師,美容師_サジェスト.csv,18600,美容師 知恵袋,
276,美容師,美容師_サジェスト.csv,18700,美容師 tiktok,
277,美容師,美容師_サジェスト.csv,18800,美容師 近く,
278,美容師,美容師_サジェスト.csv,18900,美容師 大阪,
279,美容師,美容師_サジェスト.csv,19000,美容師 東京,
280,美容師,美容師_サジェスト.csv,19100,美容師 通信,
281,美容師,美容師_サジェスト.csv,19200,美容師 一日の流れ,
282,美容師,美容師_サジェスト.csv,19300,美容師 通信 学費,
283,美容師,美容師_サジェスト.csv,19400,美容師 付き合う きっかけ,
284,美容師,美容師_サジェスト.csv,19500,美容師 続けられる人,
285,美容師,美容師_サジェスト.csv,19600,美容師 爪,
286,美容師,美容師_サジェスト.csv,19700,美容師 通販,
287,美容師,美容師_サジェスト.csv,19800,美容師 付き合う,
288,美容師,美容師_サジェスト.csv,19900,美容師 通信 非従事者,
289,美容師,美容師_サジェスト.csv,20000,美容師 爪長い,
290,美容師,美容師_サジェスト.csv,20100,美容師 転職,
291,美容師,美容師_サジェスト.csv,20200,美容師 手荒れ,
292,美容師,美容師_サジェスト.csv,20300,美容師 店長 年収,
293,美容師,美容師_サジェスト.csv,20400,美容師 手取り,
294,美容師,美容師_サジェスト.csv,20500,美容師 手袋,
295,美容師,美容師_サジェスト.csv,20600,美容師 転職 異業種,
296,美容師,美容師_サジェスト.csv,20700,美容師 転職先,
297,美容師,美容師_サジェスト.csv,20800,美容師 展開図,
298,美容師,美容師_サジェスト.csv,20900,美容師 転職サイト,
299,美容師,美容師_サジェスト.csv,21000,美容師 手取り30万,
300,美容師,美容師_サジェスト.csv,21100,美容師 戸崎,
301,美容師,美容師_サジェスト.csv,21200,美容師 とは,
302,美容師,美容師_サジェスト.csv,21300,美容師 トリートメント,
303,美容師,美容師_サジェスト.csv,21400,美容師 トリマー おすすめ,
304,美容師,美容師_サジェスト.csv,21500,美容師 戸崎 口コミ,
305,美容師,美容師_サジェスト.csv,21600,美容師 問屋,
306,美容師,美容師_サジェスト.csv,21700,美容師 トップスタイリスト 年収,
307,美容師,美容師_サジェスト.csv,21800,美容師 トリマー,
308,美容師,美容師_サジェスト.csv,21900,美容師 トップスタイリスト,
309,美容師,美容師_サジェスト.csv,22000,美容師 特徴,
310,美容師,美容師_サジェスト.csv,22100,美容師 なるには,
311,美容師,美容師_サジェスト.csv,22200,美容師 なり方,
312,美容師,美容師_サジェスト.csv,22300,美容師 なつみ 離婚,
313,美容師,美容師_サジェスト.csv,22400,美容師 ナイリー,
314,美容師,美容師_サジェスト.csv,22500,美容師 何業,
315,美容師,美容師_サジェスト.csv,22600,美容師 なすちゃん 何歳,
316,美容師,美容師_サジェスト.csv,22700,美容師 長門,
317,美容師,美容師_サジェスト.csv,22800,美容師 何年かかる,
318,美容師,美容師_サジェスト.csv,22900,美容師 なりたい理由,
319,美容師,美容師_サジェスト.csv,23000,美容師 内容,
320,美容師,美容師_サジェスト.csv,23100,美容師 似合う髪型 おまかせ,
321,美容師,美容師_サジェスト.csv,23200,美容師 人数,
322,美容師,美容師_サジェスト.csv,23300,美容師 入社式,
323,美容師,美容師_サジェスト.csv,23400,美容師 人気 インスタ,
324,美容師,美容師_サジェスト.csv,23500,美容師 になるには,
325,美容師,美容師_サジェスト.csv,23600,美容師 人気,
326,美容師,美容師_サジェスト.csv,23700,美容師 ニュース,
327,美容師,美容師_サジェスト.csv,23800,美容師 日本一,
328,美容師,美容師_サジェスト.csv,23900,美容師 人間関係,
329,美容師,美容師_サジェスト.csv,24000,美容師 人数 推移,
330,美容師,美容師_サジェスト.csv,24100,美容師 濡らして切る,
331,美容師,美容師_サジェスト.csv,24200,美容師 濡れ髪 スタイリング剤,
332,美容師,美容師_サジェスト.csv,24300,美容師 濡れたまま切る,
333,美容師,美容師_サジェスト.csv,24400,美容師 抜毛症,
334,美容師,美容師_サジェスト.csv,24500,美容師 濡れたままアイロン,
335,美容師,美容師_サジェスト.csv,24600,美容師 塗り絵,
336,美容師,美容師_サジェスト.csv,24700,美容師 沼田,
337,美容師,美容師_サジェスト.csv,24800,美容師 抜き,
338,美容師,美容師_サジェスト.csv,24900,美容師 塗り残し,
339,美容師,美容師_サジェスト.csv,25000,美容師 沼袋,
341,美容師,美容師_サジェスト.csv,25200,美容師 ネイル,
344,美容師,美容師_サジェスト.csv,25500,美容師 年間休日,
348,美容師,美容師_サジェスト.csv,25900,美容師 年齢,
350,美容師,美容師_サジェスト.csv,26100,美容師 ノルマ,
351,美容師,美容師_サジェスト.csv,26200,美容師 野中,
352,美容師,美容師_サジェスト.csv,26300,美容師 能力,
353,美容師,美容師_サジェスト.csv,26400,美容師 のぶさん,
354,美容師,美容師_サジェスト.csv,26500,美容師 nobu,
355,美容師,美容師_サジェスト.csv,26600,美容師 野沢道生,
356,美容師,美容師_サジェスト.csv,26700,美容師 ノート,
357,美容師,美容師_サジェスト.csv,26800,美容師 野沢,
358,美容師,美容師_サジェスト.csv,26900,美容師 のーぶら,
359,美容師,美容師_サジェスト.csv,27000,美容師 ノースリーブ,
360,美容師,美容師_サジェスト.csv,27100,美容師 ハサミ,
361,美容師,美容師_サジェスト.csv,27200,美容師 ハサミ 値段,
362,美容師,美容師_サジェスト.csv,27300,美容師 ハンドクリーム,
363,美容師,美容師_サジェスト.csv,27400,美容師 派遣,
364,美容師,美容師_サジェスト.csv,27500,美容師 ハサミ 持ち方,
365,美容師,美容師_サジェスト.csv,27600,美容師 派遣 単発,
366,美容師,美容師_サジェスト.csv,27700,美容師 ハサミ ブランド,
367,美容師,美容師_サジェスト.csv,27800,美容師 ハサミ イラスト,
368,美容師,美容師_サジェスト.csv,27900,美容師 ハサミ 研ぎ,
369,美容師,美容師_サジェスト.csv,28000,美容師 ハサミ 最高級,
370,美容師,美容師_サジェスト.csv,28100,美容師 必要な資格,
371,美容師,美容師_サジェスト.csv,28200,美容師 必要な能力,
372,美容師,美容師_サジェスト.csv,28300,美容師 必要なこと,
373,美容師,美容師_サジェスト.csv,28400,美容師 皮膚疾患 診断書,
374,美容師,美容師_サジェスト.csv,28500,美容師 人手不足,
375,美容師,美容師_サジェスト.csv,28600,美容師 筆記試験,
376,美容師,美容師_サジェスト.csv,28700,美容師 必要な道具,
377,美容師,美容師_サジェスト.csv,28800,美容師 左利き,
378,美容師,美容師_サジェスト.csv,28900,美容師 髭剃り,
379,美容師,美容師_サジェスト.csv,29000,美容師 平塚,
380,美容師,美容師_サジェスト.csv,29100,美容師 フリーランス,
381,美容師,美容師_サジェスト.csv,29200,美容師 服装,
382,美容師,美容師_サジェスト.csv,29300,美容師 副業,
383,美容師,美容師_サジェスト.csv,29400,美容師 ファッション,
384,美容師,美容師_サジェスト.csv,29500,美容師 副業ランキング,
385,美容師,美容師_サジェスト.csv,29600,美容師 フリーランス 年収,
386,美容師,美容師_サジェスト.csv,29700,美容師 フリー素材,
387,美容師,美容師_サジェスト.csv,29800,美容師 服 経費,
388,美容師,美容師_サジェスト.csv,29900,美容師 フォトコンテスト 2024,
389,美容師,美容師_サジェスト.csv,30000,美容師 フリーランス 確定申告,
390,美容師,美容師_サジェスト.csv,30100,美容師 平均年収,
391,美容師,美容師_サジェスト.csv,30200,美容師 平均月収,
392,美容師,美容師_サジェスト.csv,30300,美容師 ヘアアイロン,
393,美容師,美容師_サジェスト.csv,30400,美容師 下手 なぜ,
394,美容師,美容師_サジェスト.csv,30500,美容師 ヘアオイル,
395,美容師,美容師_サジェスト.csv,30600,美容師 ヘッドハンティング会社 クラップ,
396,美容師,美容師_サジェスト.csv,30700,美容師 ヘアクリップ,
397,美容師,美容師_サジェスト.csv,30800,美容師 平均売上,
398,美容師,美容師_サジェスト.csv,30900,美容師 偏差値,
399,美容師,美容師_サジェスト.csv,31000,美容師 平均年齢,
400,美容師,美容師_サジェスト.csv,31100,美容師 保険,
401,美容師,美容師_サジェスト.csv,31200,美容師 保健所登録 診断書,
402,美容師,美容師_サジェスト.csv,31300,美容師 保健所 届出,
403,美容師,美容師_サジェスト.csv,31400,美容師 保険証,
404,美容師,美容師_サジェスト.csv,31500,美容師 ホスト,
405,美容師,美容師_サジェスト.csv,31600,美容師 法律,
406,美容師,美容師_サジェスト.csv,31700,美容師 訪問,
407,美容師,美容師_サジェスト.csv,31800,美容師 ホットペッパー,
408,美容師,美容師_サジェスト.csv,31900,美容師 褒め言葉,
409,美容師,美容師_サジェスト.csv,32000,美容師 保健所,
410,美容師,美容師_サジェスト.csv,32100,美容師 マネキン,
411,美容師,美容師_サジェスト.csv,32200,美容師 漫画,
412,美容師,美容師_サジェスト.csv,32300,美容師 前髪 下手,
413,美容師,美容師_サジェスト.csv,32400,美容師 また来てほしい客,
414,美容師,美容師_サジェスト.csv,32500,美容師 マッサージ 異性,
415,美容師,美容師_サジェスト.csv,32600,美容師 マッチングアプリ,
416,美容師,美容師_サジェスト.csv,32700,美容師 マッサージ,
417,美容師,美容師_サジェスト.csv,32800,美容師 マスク,
418,美容師,美容師_サジェスト.csv,32900,美容師 豆知識,
419,美容師,美容師_サジェスト.csv,33000,美容師 眉毛,
420,美容師,美容師_サジェスト.csv,33100,美容師 魅力,
421,美容師,美容師_サジェスト.csv,33200,美容師 見習い,
422,美容師,美容師_サジェスト.csv,33300,美容師 脈あり,
423,美容師,美容師_サジェスト.csv,33400,美容師 ミッチー,
424,美容師,美容師_サジェスト.csv,33500,美容師 宮村,
425,美容師,美容師_サジェスト.csv,33600,美容師 水商売,
426,美容師,美容師_サジェスト.csv,33700,美容師 道のり,
427,美容師,美容師_サジェスト.csv,33800,美容師 未経験 求人,
428,美容師,美容師_サジェスト.csv,33900,美容師 脈ありサイン,
429,美容師,美容師_サジェスト.csv,34000,美容師 見習い 給料,
430,美容師,美容師_サジェスト.csv,34100,美容師 向いている人,
431,美容師,美容師_サジェスト.csv,34200,美容師 無免許 通報,
432,美容師,美容師_サジェスト.csv,34300,美容師 無免許,
433,美容師,美容師_サジェスト.csv,34400,美容師 向いてない,
434,美容師,美容師_サジェスト.csv,34500,美容師 夢,
435,美容師,美容師_サジェスト.csv,34600,美容師 向いている人 診断,
436,美容師,美容師_サジェスト.csv,34700,美容師 難しい,
437,美容師,美容師_サジェスト.csv,34800,美容師 無免許 アシスタント,
438,美容師,美容師_サジェスト.csv,34900,美容師 無免許 罰則,
439,美容師,美容師_サジェスト.csv,35000,美容師 むかつく,
440,美容師,美容師_サジェスト.csv,35100,美容師 免許,
441,美容師,美容師_サジェスト.csv,35200,美容師 名刺,
442,美容師,美容師_サジェスト.csv,35300,美容師 面接,
443,美容師,美容師_サジェスト.csv,35400,美容師 メリット,
444,美容師,美容師_サジェスト.csv,35500,美容師 面接 服装,
445,美容師,美容師_サジェスト.csv,35600,美容師 名刺 おしゃれ,
446,美容師,美容師_サジェスト.csv,35700,美容師 メイク,
447,美容師,美容師_サジェスト.csv,35800,美容師 免許なし,
448,美容師,美容師_サジェスト.csv,35900,美容師 面接 服装 知恵袋,
449,美容師,美容師_サジェスト.csv,36000,美容師 メンズ,
450,美容師,美容師_サジェスト.csv,36100,美容師 本,
451,美容師,美容師_サジェスト.csv,36200,美容師 儲かる,
452,美容師,美容師_サジェスト.csv,36300,美容師 モテる,
453,美容師,美容師_サジェスト.csv,36400,美容師 茂木,
454,美容師,美容師_サジェスト.csv,36500,美容師 桃田,
455,美容師,美容師_サジェスト.csv,36600,美容師 目標,
456,美容師,美容師_サジェスト.csv,36700,美容師 問題点,
457,美容師,美容師_サジェスト.csv,36800,美容師 儲からない,
458,美容師,美容師_サジェスト.csv,36900,美容師 問題,
459,美容師,美容師_サジェスト.csv,37000,美容師 モデル,
460,美容師,美容師_サジェスト.csv,37100,美容師 やりがい,
461,美容師,美容師_サジェスト.csv,37200,美容師 休み,
462,美容師,美容師_サジェスト.csv,37300,美容師 辞めたい,
463,美容師,美容師_サジェスト.csv,37400,美容師 休み 曜日,
464,美容師,美容師_サジェスト.csv,37500,美容師 辞めたい 甘え,
465,美容師,美容師_サジェスト.csv,37600,美容師 やめとけ,
466,美容師,美容師_サジェスト.csv,37700,美容師 辞める理由,
467,美容師,美容師_サジェスト.csv,37800,美容師 病む,
468,美容師,美容師_サジェスト.csv,37900,美容師 役職,
469,美容師,美容師_サジェスト.csv,38000,美容師 夜間,
470,美容師,美容師_サジェスト.csv,38100,美容師 有名,
471,美容師,美容師_サジェスト.csv,38200,美容師 ユーチューバー 男,
472,美容師,美容師_サジェスト.csv,38300,美容師 指輪,
473,美容師,美容師_サジェスト.csv,38400,美容師 ユーチューバー,
474,美容師,美容師_サジェスト.csv,38500,美容師 有給,
475,美容師,美容師_サジェスト.csv,38600,美容師 有名人,
476,美容師,美容師_サジェスト.csv,38700,美容師 有名 男性,
477,美容師,美容師_サジェスト.csv,38800,美容師 夢占い,
478,美容師,美容師_サジェスト.csv,38900,美容師 ゆうだい,
479,美容師,美容師_サジェスト.csv,39000,美容師 ユーチューブ,
480,美容師,美容師_サジェスト.csv,39100,美容師 腰痛,
481,美容師,美容師_サジェスト.csv,39200,美容師 用語,
482,美容師,美容師_サジェスト.csv,39300,美容師 予約,
483,美容師,美容師_サジェスト.csv,39400,美容師 洋服 経費,
484,美容師,美容師_サジェスト.csv,39500,美容師 予約 dm,
485,美容師,美容師_サジェスト.csv,39600,美容師 腰痛 辞める,
486,美容師,美容師_サジェスト.csv,39700,美容師 呼び方,
487,美容師,美容師_サジェスト.csv,39800,美容師 youtube,
488,美容師,美容師_サジェスト.csv,39900,美容師 youtuber,
489,美容師,美容師_サジェスト.csv,40000,美容師 洋服,
490,美容師,美容師_サジェスト.csv,40100,美容師 ランク,
491,美容師,美容師_サジェスト.csv,40200,美容師 ランキング,
492,美容師,美容師_サジェスト.csv,40300,美容師 ライン交換,
493,美容師,美容師_サジェスト.csv,40400,美容師 ライン お礼 返信,
494,美容師,美容師_サジェスト.csv,40500,美容師 ライブ行けない,
495,美容師,美容師_サジェスト.csv,40600,美容師 ライン 予約,
496,美容師,美容師_サジェスト.csv,40700,美容師 ライン,
497,美容師,美容師_サジェスト.csv,40800,美容師 ランキング 東京,
498,美容師,美容師_サジェスト.csv,40900,美容師 ランク付け,
499,美容師,美容師_サジェスト.csv,41000,美容師 ライン 勝手に,
500,美容師,美容師_サジェスト.csv,41100,美容師 理容師 違い,
501,美容師,美容師_サジェスト.csv,41200,美容師 離職率,
502,美容師,美容師_サジェスト.csv,41300,美容師 履歴書,
503,美容師,美容師_サジェスト.csv,41400,美容師 理容師,
504,美容師,美容師_サジェスト.csv,41500,美容師 履歴書 志望動機,
505,美容師,美容師_サジェスト.csv,41600,美容師 理容師 ダブルライセンス,
506,美容師,美容師_サジェスト.csv,41700,美容師 履歴書 志望動機 中途,
507,美容師,美容師_サジェスト.csv,41800,美容師 履歴書 写真,
508,美容師,美容師_サジェスト.csv,41900,美容師 離職率 10年,
509,美容師,美容師_サジェスト.csv,42000,美容師 りゅうせい,
510,美容師,美容師_サジェスト.csv,42100,美容師 類語,
511,美容師,美容師_サジェスト.csv,42200,美容師 rumi,
512,美容師,美容師_サジェスト.csv,42300,美容師 ルーティン,
513,美容師,美容師_サジェスト.csv,42400,美容師 ルイ,
514,美容師,美容師_サジェスト.csv,42500,美容師 ルール,
515,美容師,美容師_サジェスト.csv,42600,美容師 ルート,
516,美容師,美容師_サジェスト.csv,42700,美容師 rumi 子供,
517,美容師,美容師_サジェスト.csv,42800,美容師 練習 マネキン,
518,美容師,美容師_サジェスト.csv,42900,美容師 恋愛,
519,美容師,美容師_サジェスト.csv,43000,美容師 練習 マネキン 使い捨て,
520,美容師,美容師_サジェスト.csv,43100,美容師 レザー,
521,美容師,美容師_サジェスト.csv,43200,美容師 歴,
522,美容師,美容師_サジェスト.csv,43300,美容師 練習,
523,美容師,美容師_サジェスト.csv,43400,美容師 連絡先,
524,美容師,美容師_サジェスト.csv,43500,美容師 練習 マネキン 名前,
525,美容師,美容師_サジェスト.csv,43600,美容師 練習台,
526,美容師,美容師_サジェスト.csv,43700,美容師 歴史,
527,美容師,美容師_サジェスト.csv,43800,美容師 労働時間,
528,美容師,美容師_サジェスト.csv,43900,美容師 労働基準法,
529,美容師,美容師_サジェスト.csv,44000,美容師 ロボット化,
530,美容師,美容師_サジェスト.csv,44100,美容師 ロールブラシ,
531,美容師,美容師_サジェスト.csv,44200,美容師 老後,
532,美容師,美容師_サジェスト.csv,44300,美容師 労働時間 法律,
533,美容師,美容師_サジェスト.csv,44400,美容師 ロッド,
534,美容師,美容師_サジェスト.csv,44500,美容師 労働組合,
535,美容師,美容師_サジェスト.csv,44600,美容師 ロン毛,
536,美容師,美容師_サジェスト.csv,44700,美容師 労災,
537,美容師,美容師_サジェスト.csv,44800,美容師 ワゴン,
538,美容師,美容師_サジェスト.csv,44900,美容師 ワーホリ,
539,美容師,美容師_サジェスト.csv,45000,美容師 忘れられない 客,
540,美容師,美容師_サジェスト.csv,45100,美容師 ワインディング,
541,美容師,美容師_サジェスト.csv,45200,美容師 ワゴン 収納,
542,美容師,美容師_サジェスト.csv,45300,美容師 ワックス,
543,美容師,美容師_サジェスト.csv,45400,美容師 話題,
544,美容師,美容師_サジェスト.csv,45500,美容師 若い人しかいない,
545,美容師,美容師_サジェスト.csv,45600,美容師 わたらい,
546,美容師,美容師_サジェスト.csv,45700,美容師 渡辺,
547,美容師,美容師_サジェスト.csv,45800,美容師 を褒める 言葉,
548,美容師,美容師_サジェスト.csv,45900,美容師 を英語で,
549,美容師,美容師_サジェスト.csv,46000,美容師 を 学ぶ,
550,美容師,美容師_サジェスト.csv,46100,美容師 ヲタク,
551,美容師,美容師_サジェスト.csv,46200,work 美容師,
552,美容師,美容師_サジェスト.csv,46300,美容師 ngワード,
553,美容師,美容師_サジェスト.csv,46400,美容師 ng 話題,
554,美容師,美容師_サジェスト.csv,46500,美容師 ngファッション,
555,美容師,美容師_サジェスト.csv,46600,美容師 服装 ng,
556,美容師,美容師_サジェスト.csv,46700,げんげ ん 美容師 やばい,
557,美容師,美容師_サジェスト.csv,46800,nbc コンテスト 美容師,
558,美容師,美容師_サジェスト.csv,46900,nhk 美容師,
559,美容師,美容師_サジェスト.csv,47000,nhk プロフェッショナル 美容師,
560,美容師,美容師_サジェスト.csv,47100,npo 美容師,
561,美容師,美容師_サジェスト.csv,47200,ny 美容師,
562,美容師,美容師_サジェスト.csv,47300,美容師 学校,
563,美容師,美容師_サジェスト.csv,47400,美容師 学校 何年,
564,美容師,美容師_サジェスト.csv,47500,美容師 画像,
565,美容師,美容師_サジェスト.csv,47600,美容師 学歴,
566,美容師,美容師_サジェスト.csv,47700,美容師 癌,
567,美容師,美容師_サジェスト.csv,47800,美容師 学費,
568,美容師,美容師_サジェスト.csv,47900,美容師 学校 通信,
569,美容師,美容師_サジェスト.csv,48000,美容師 学問分野,
570,美容師,美容師_サジェスト.csv,48100,美容師 外国人,
571,美容師,美容師_サジェスト.csv,48200,美容師 画像 イラスト,
572,美容師,美容師_サジェスト.csv,48300,美容師 業務委託,
573,美容師,美容師_サジェスト.csv,48400,美容師 業種,
574,美容師,美容師_サジェスト.csv,48500,美容師 業務委託 帳簿 書き方,
575,美容師,美容師_サジェスト.csv,48600,美容師 業務委託 相場,
576,美容師,美容師_サジェスト.csv,48700,美容師 業務委託 確定申告,
577,美容師,美容師_サジェスト.csv,48800,美容師 業務内容,
578,美容師,美容師_サジェスト.csv,48900,美容師 技術力,
579,美容師,美容師_サジェスト.csv,49000,美容師 業務委託契約書 pdf,
580,美容師,美容師_サジェスト.csv,49100,美容師 業務委託とは,
581,美容師,美容師_サジェスト.csv,49200,美容師 技術,
583,美容師,美容師_サジェスト.csv,49400,美容師 グローブ,
584,美容師,美容師_サジェスト.csv,49500,美容師 グローブホルダー,
586,美容師,美容師_サジェスト.csv,49700,美容師 櫛,
587,美容師,美容師_サジェスト.csv,49800,美容師 グッズ,
588,美容師,美容師_サジェスト.csv,49900,美容師 靴 おすすめ,
589,美容師,美容師_サジェスト.csv,50000,美容師 グラフ,
590,美容師,美容師_サジェスト.csv,50100,美容師 具体的な仕事内容,
591,美容師,美容師_サジェスト.csv,50200,美容師 愚痴,
592,美容師,美容師_サジェスト.csv,50300,美容師 月収,
593,美容師,美容師_サジェスト.csv,50400,美容師 月収50万,
594,美容師,美容師_サジェスト.csv,50500,美容師 ゲーム,
595,美容師,美容師_サジェスト.csv,50600,美容師 月収 平均,
596,美容師,美容師_サジェスト.csv,50700,美容師 源泉徴収,
597,美容師,美容師_サジェスト.csv,50800,美容師 月給 平均,
598,美容師,美容師_サジェスト.csv,50900,美容師 芸能人 担当,
599,美容師,美容師_サジェスト.csv,51000,美容師 激務,
600,美容師,美容師_サジェスト.csv,51100,美容師 原価率,
601,美容師,美容師_サジェスト.csv,51200,美容師 現状,
602,美容師,美容師_サジェスト.csv,51300,美容師 合格率,
603,美容師,美容師_サジェスト.csv,51400,美容師 ゴム手袋 ランキング,
604,美容師,美容師_サジェスト.csv,51500,美容師 合格証明書 紛失,
605,美容師,美容師_サジェスト.csv,51600,美容師 ゴム手袋,
606,美容師,美容師_サジェスト.csv,51700,美容師 合格発表,
607,美容師,美容師_サジェスト.csv,51800,美容師 ゴールデンウィーク,
608,美容師,美容師_サジェスト.csv,51900,美容師 合格通知 届かない,
609,美容師,美容師_サジェスト.csv,52000,美容師 五条悟,
610,美容師,美容師_サジェスト.csv,52100,美容師 合格証明書,
611,美容師,美容師_サジェスト.csv,52200,美容師 合格祝い,
612,美容師,美容師_サジェスト.csv,52300,美容師 雑誌,
613,美容師,美容師_サジェスト.csv,52400,美容師 残業,
614,美容師,美容師_サジェスト.csv,52500,美容師 残業代,
615,美容師,美容師_サジェスト.csv,52600,美容師 雑学,
616,美容師,美容師_サジェスト.csv,52700,美容師 材料費,
617,美容師,美容師_サジェスト.csv,52800,美容師 残業時間,
618,美容師,美容師_サジェスト.csv,52900,美容師 材料屋,
619,美容師,美容師_サジェスト.csv,53000,美容師 材料費 確定申告,
620,美容師,美容師_サジェスト.csv,53100,美容師 雑費,
621,美容師,美容師_サジェスト.csv,53200,美容師 材料費 勘定科目,
622,美容師,美容師_サジェスト.csv,53300,美容師 時給,
623,美容師,美容師_サジェスト.csv,53400,美容師 事業内容 書き方,
624,美容師,美容師_サジェスト.csv,53500,美容師 自己pr 例文,
625,美容師,美容師_サジェスト.csv,53600,美容師 女性,
626,美容師,美容師_サジェスト.csv,53700,美容師 自分の髪,
627,美容師,美容師_サジェスト.csv,53800,美容師 人口,
628,美容師,美容師_サジェスト.csv,53900,美容師 人材紹介,
629,美容師,美容師_サジェスト.csv,54000,美容師 自営業,
630,美容師,美容師_サジェスト.csv,54100,美容師 神社,
631,美容師,美容師_サジェスト.csv,54200,美容師 時給 平均,
632,美容師,美容師_サジェスト.csv,54300,美容師 好き,
633,美容師,美容師_サジェスト.csv,54400,美容師 ずっとアシスタント,
634,美容師,美容師_サジェスト.csv,54500,美容師 ずっと話す,
635,美容師,美容師_サジェスト.csv,54600,美容師 頭痛,
636,美容師,美容師_サジェスト.csv,54700,美容師 ずっと同じ人,
637,美容師,美容師_サジェスト.csv,54800,美容師 ズボン,
638,美容師,美容師_サジェスト.csv,54900,美容師 ズル休み,
639,美容師,美容師_サジェスト.csv,55000,美容師 税理士,
640,美容師,美容師_サジェスト.csv,55100,美容師 税務調査,
641,美容師,美容師_サジェスト.csv,55200,美容師 全身写真,
642,美容師,美容師_サジェスト.csv,55300,美容師 税金,
643,美容師,美容師_サジェスト.csv,55400,美容師 喘息,
644,美容師,美容師_サジェスト.csv,55500,美容師 ゼロテク,
645,美容師,美容師_サジェスト.csv,55600,美容師 全然違う,
646,美容師,美容師_サジェスト.csv,55700,美容師 前回 覚えてる,
647,美容師,美容師_サジェスト.csv,55800,美容師 全国 人数,
648,美容師,美容師_サジェスト.csv,55900,美容師 全国大会,
649,美容師,美容師_サジェスト.csv,56000,美容師 雑,
650,美容師,美容師_サジェスト.csv,56100,美容師 雑談,
651,美容師,美容師_サジェスト.csv,56200,美容師 雑煮,
652,美容師,美容師_サジェスト.csv,56300,美容師 増加,
653,美容師,美容師_サジェスト.csv,56400,美容師 ぞえ,
654,美容師,美容師_サジェスト.csv,56500,美容師 増加 理由,
655,美容師,美容師_サジェスト.csv,56600,美容師 像,
656,美容師,美容師_サジェスト.csv,56700,造形心理学 美容師,
657,美容師,美容師_サジェスト.csv,56800,増粘剤 美容師,
658,美容師,美容師_サジェスト.csv,56900,b-zone 美容師,
659,美容師,美容師_サジェスト.csv,57000,美容師 大学,
660,美容師,美容師_サジェスト.csv,57100,美容師 男女比,
662,美容師,美容師_サジェスト.csv,57300,美容師 男性,
663,美容師,美容師_サジェスト.csv,57400,美容師 ダッカール,
664,美容師,美容師_サジェスト.csv,57500,美容師 ダブルワーク,
665,美容師,美容師_サジェスト.csv,57600,美容師 大学 国公立,
666,美容師,美容師_サジェスト.csv,57700,美容師 大学 東京,
667,美容師,美容師_サジェスト.csv,57800,美容師 男女比率,
668,美容師,美容師_サジェスト.csv,57900,美容師 大卒,
669,美容師,美容師_サジェスト.csv,58000,美容師 di,
670,美容師,美容師_サジェスト.csv,58100,美容師 dis,
671,美容師,美容師_サジェスト.csv,58200,ぢーぢ 美容師,
672,美容師,美容師_サジェスト.csv,58300,distinct 美容師,
673,美容師,美容師_サジェスト.csv,58400,diane シャンプー 美容師,
674,美容師,美容師_サジェスト.csv,58500,diploma 美容師,
675,美容師,美容師_サジェスト.csv,58600,dior 美容師,
678,美容師,美容師_サジェスト.csv,58900,美容師 付き合いたい,
679,美容師,美容師_サジェスト.csv,59000,美容師 爪 ボロボロ,
680,美容師,美容師_サジェスト.csv,59100,美容師 爪 痛い,
681,美容師,美容師_サジェスト.csv,59200,美容師 月の売り上げ,
682,美容師,美容師_サジェスト.csv,59300,美容師 妻,
683,美容師,美容師_サジェスト.csv,59400,美容師 堤,
684,美容師,美容師_サジェスト.csv,59500,美容師 爪 黒い,
685,美容師,美容師_サジェスト.csv,59600,美容師 月売上 平均,
686,美容師,美容師_サジェスト.csv,59700,美容師 ディレクターとは,
687,美容師,美容師_サジェスト.csv,59800,美容師 出会い,
688,美容師,美容師_サジェスト.csv,59900,美容師 デメリット,
689,美容師,美容師_サジェスト.csv,60000,美容師 出会いない,
690,美容師,美容師_サジェスト.csv,60100,美容師 デビュー,
691,美容師,美容師_サジェスト.csv,60200,美容師 できること,
692,美容師,美容師_サジェスト.csv,60300,美容師 デッサン,
693,美容師,美容師_サジェスト.csv,60400,美容師 ディーラー,
694,美容師,美容師_サジェスト.csv,60500,美容師 電話対応,
695,美容師,美容師_サジェスト.csv,60600,美容師 電子カルテ,
696,美容師,美容師_サジェスト.csv,60700,美容師 独立 年収,
697,美容師,美容師_サジェスト.csv,60800,美容師 ドライヤー,
698,美容師,美容師_サジェスト.csv,60900,美容師 独立,
699,美容師,美容師_サジェスト.csv,61000,美容師 道具,
700,美容師,美容師_サジェスト.csv,61100,美容師 どんな仕事,
701,美容師,美容師_サジェスト.csv,61200,美容師 道具 イラスト,
702,美容師,美容師_サジェスト.csv,61300,美容師 土日休み,
703,美容師,美容師_サジェスト.csv,61400,美容師 独立 お祝い,
704,美容師,美容師_サジェスト.csv,61500,美容師 ドラマ,
705,美容師,美容師_サジェスト.csv,61600,美容師 独立 1人,
706,美容師,美容師_サジェスト.csv,61700,美容師 バッグ,
707,美容師,美容師_サジェスト.csv,61800,美容師 バイト,
708,美容師,美容師_サジェスト.csv,61900,美容師 バリカン,
709,美容師,美容師_サジェスト.csv,62000,美容師 バリカン 違法,
710,美容師,美容師_サジェスト.csv,62100,美容師 バンドマン 3b,
711,美容師,美容師_サジェスト.csv,62200,美容師 働きながら,
712,美容師,美容師_サジェスト.csv,62300,美容師 バイト 資格なし,
713,美容師,美容師_サジェスト.csv,62400,美容師 バレンタイン,
714,美容師,美容師_サジェスト.csv,62500,美容師 罰金,
715,美容師,美容師_サジェスト.csv,62600,美容師 バックハグ,
716,美容師,美容師_サジェスト.csv,62700,美容師 ビフォーアフター,
717,美容師,美容師_サジェスト.csv,62800,美容師 美容代 経費,
718,美容師,美容師_サジェスト.csv,62900,美容師 美人,
719,美容師,美容師_サジェスト.csv,63000,美容師 病気,
720,美容師,美容師_サジェスト.csv,63100,美容師 白衣,
721,美容師,美容師_サジェスト.csv,63200,美容師 美人が多い,
722,美容師,美容師_サジェスト.csv,63300,美容師 貧乏,
723,美容師,美容師_サジェスト.csv,63400,美容師 美容士,
724,美容師,美容師_サジェスト.csv,63500,美容師 病院,
725,美容師,美容師_サジェスト.csv,63600,美容師 ビザ,
726,美容師,美容師_サジェスト.csv,63700,美容師 歩合 相場,
727,美容師,美容師_サジェスト.csv,63800,美容師 ブランク カット講習,
728,美容師,美容師_サジェスト.csv,63900,美容師 ブログ,
729,美容師,美容師_サジェスト.csv,64000,美容師 歩合制,
730,美容師,美容師_サジェスト.csv,64100,美容師 歩合,
731,美容師,美容師_サジェスト.csv,64200,美容師 ブロー 下手,
732,美容師,美容師_サジェスト.csv,64300,美容師 ブラシ,
733,美容師,美容師_サジェスト.csv,64400,美容師 歩合 計算,
734,美容師,美容師_サジェスト.csv,64500,美容師 歩合率 平均,
735,美容師,美容師_サジェスト.csv,64600,美容師 ブローとは,
736,美容師,美容師_サジェスト.csv,64700,美容師 勉強,
737,美容師,美容師_サジェスト.csv,64800,美容師 勉強 本,
738,美容師,美容師_サジェスト.csv,64900,美容師 別の言い方,
739,美容師,美容師_サジェスト.csv,65000,美容師 勉強内容,
740,美容師,美容師_サジェスト.csv,65100,美容師 便利グッズ,
741,美容師,美容師_サジェスト.csv,65200,美容師 ベルト,
742,美容師,美容師_サジェスト.csv,65300,美容師 勉強会,
743,美容師,美容師_サジェスト.csv,65400,美容師 勉強すること,
744,美容師,美容師_サジェスト.csv,65500,美容師 別名,
745,美容師,美容師_サジェスト.csv,65600,美容師 ベスト,
746,美容師,美容師_サジェスト.csv,65700,美容師 ボーナス,
747,美容師,美容師_サジェスト.csv,65800,美容師 募集,
748,美容師,美容師_サジェスト.csv,65900,美容師 ボーナスない,
749,美容師,美容師_サジェスト.csv,66000,美容師 帽子,
750,美容師,美容師_サジェスト.csv,66100,美容師 ボランティア,
751,美容師,美容師_サジェスト.csv,66200,美容師 ボーナスある,
752,美容師,美容師_サジェスト.csv,66300,美容師 ボーナス 知恵袋,
753,美容師,美容師_サジェスト.csv,66400,美容師 坊主,
754,美容師,美容師_サジェスト.csv,66500,美容師 ボーナス 平均,
755,美容師,美容師_サジェスト.csv,66600,美容師 ボランティア 募集,
756,美容師,美容師_サジェスト.csv,66700,美容師 パート,
757,美容師,美容師_サジェスト.csv,66800,美容師 パート 時給,
758,美容師,美容師_サジェスト.csv,66900,美容師 パート 求人,
759,美容師,美容師_サジェスト.csv,67000,美容師 パーマ,
760,美容師,美容師_サジェスト.csv,67100,美容師 パーカー,
761,美容師,美容師_サジェスト.csv,67200,美容師 パワハラ,
762,美容師,美容師_サジェスト.csv,67300,美容師 パニック障害,
763,美容師,美容師_サジェスト.csv,67400,美容師 パーソナルカラー,
764,美容師,美容師_サジェスト.csv,67500,美容師 パーマ 下手,
765,美容師,美容師_サジェスト.csv,67600,美容師 パパ活,
766,美容師,美容師_サジェスト.csv,67700,美容師 ピアス,
767,美容師,美容師_サジェスト.csv,67800,美容師 ピン,
768,美容師,美容師_サジェスト.csv,67900,美容師 平日休み,
769,美容師,美容師_サジェスト.csv,68000,美容師 pixiv,
770,美容師,美容師_サジェスト.csv,68100,美容師 ピタピタニット,
771,美容師,美容師_サジェスト.csv,68200,美容師 ピン 名前,
772,美容師,美容師_サジェスト.csv,68300,美容師 ピンケース,
773,美容師,美容師_サジェスト.csv,68400,美容師 平日 暇,
774,美容師,美容師_サジェスト.csv,68500,美容師 プレゼント,
775,美容師,美容師_サジェスト.csv,68600,美容師 プロフィール,
776,美容師,美容師_サジェスト.csv,68700,美容師 プロフィール写真,
777,美容師,美容師_サジェスト.csv,68800,美容師 プレゼント 彼女,
778,美容師,美容師_サジェスト.csv,68900,美容師 プレゼント 男,
779,美容師,美容師_サジェスト.csv,69000,美容師 プロフェッショナル,
780,美容師,美容師_サジェスト.csv,69100,美容師 プレゼント 友達,
781,美容師,美容師_サジェスト.csv,69200,美容師 プライベート,
782,美容師,美容師_サジェスト.csv,69300,美容師 プロ,
783,美容師,美容師_サジェスト.csv,69400,美容師 プライド高い,
784,美容師,美容師_サジェスト.csv,69500,美容師 ペーパー,
785,美容師,美容師_サジェスト.csv,69600,美容師 ペルソナ,
786,美容師,美容師_サジェスト.csv,69700,美容師 ペルー ハーフ,
787,美容師,美容師_サジェスト.csv,69800,美容師 ペット 飼う,
788,美容師,美容師_サジェスト.csv,69900,美容師 ペーパーハウス,
789,美容師,美容師_サジェスト.csv,70000,美容師 ポーチ,
790,美容師,美容師_サジェスト.csv,70100,美容師 ポーチ レディース,
791,美容師,美容師_サジェスト.csv,70200,美容師 ポーズ,
792,美容師,美容師_サジェスト.csv,70300,美容師 ポートフォリオ,
793,美容師,美容師_サジェスト.csv,70400,美容師 ポイント,
794,美容師,美容師_サジェスト.csv,70500,美容師 ポーチ 名前,
795,美容師,美容師_サジェスト.csv,70600,美容師 ポケット,
832,美容師,美容師_サジェスト.csv,74300,美容師 dm,
854,美容師,美容師_サジェスト.csv,76500,美容師 ff14,
856,美容師,美容師_サジェスト.csv,76700,美容師 が 認める 市販シャンプー 1000円,
907,美容師,美容師_サジェスト.csv,81800,美容師 line やりとり,
908,美容師,美容師_サジェスト.csv,81900,美容師 line,
909,美容師,美容師_サジェスト.csv,82000,美容師 line交換,
910,美容師,美容師_サジェスト.csv,82100,美容師 line 予約,
911,美容師,美容師_サジェスト.csv,82200,美容師 line 遅い,
912,美容師,美容師_サジェスト.csv,82300,美容師 line 返信,
913,美容師,美容師_サジェスト.csv,82400,美容師 line プライベート,
914,美容師,美容師_サジェスト.csv,82500,美容師 line 迷惑,
915,美容師,美容師_サジェスト.csv,82600,美容師 ff14 クエスト,
956,美容師,美容師_サジェスト.csv,86700,美容師 q&a,
957,美容師,美容師_サジェスト.csv,86800,美容師 名刺 qrコード,
958,美容師,美容師_サジェスト.csv,86900,美容師 求人 qj,
959,美容師,美容師_サジェスト.csv,87000,qbハウス 美容師,
960,美容師,美容師_サジェスト.csv,87100,qbハウス 理容師 美容師,
961,美容師,美容師_サジェスト.csv,87200,qb カット 美容師,
962,美容師,美容師_サジェスト.csv,87300,qb house 美容師,
963,美容師,美容師_サジェスト.csv,87400,qj 美容師,
1004,美容師,美容師_サジェスト.csv,91500,美容師 vtuber,
1005,美容師,美容師_サジェスト.csv,91600,美容師 vr,
1006,美容師,美容師_サジェスト.csv,91700,美容師 van,
1007,美容師,美容師_サジェスト.csv,91800,美容師 v,
1008,美容師,美容師_サジェスト.csv,91900,美容師 vivit,
1009,美容師,美容師_サジェスト.csv,92000,美容師 ヴィオレッタ,
1010,美容師,美容師_サジェスト.csv,92100,美容師 ヴォーグ,
1011,美容師,美容師_サジェスト.csv,92200,ウィッグ 美容師,
1012,美容師,美容師_サジェスト.csv,92300,ヴィダルサスーン 美容師,
1013,美容師,美容師_サジェスト.csv,92400,ヴァネッサ 美容師,
1031,美容師,美容師_サジェスト.csv,94200,美容師 x,
1054,美容師,美容師_サジェスト.csv,96500,美容師 1日の流れ,
1055,美容師,美容師_サジェスト.csv,96600,美容師 1日何人,
1056,美容師,美容師_サジェスト.csv,96700,美容師 1年目,
1057,美容師,美容師_サジェスト.csv,96800,美容師 1日,
1058,美容師,美容師_サジェスト.csv,96900,美容師 1000万,
1059,美容師,美容師_サジェスト.csv,97000,美容師 15年目,
1060,美容師,美容師_サジェスト.csv,97100,美容師 1年目 年収,
1061,美容師,美容師_サジェスト.csv,97200,美容師 1000円カット,
1062,美容師,美容師_サジェスト.csv,97300,美容師 1ヶ月 何人,
1063,美容師,美容師_サジェスト.csv,97400,美容師 18歳,
1064,美容師,美容師_サジェスト.csv,97500,美容師 20年以上,
1065,美容師,美容師_サジェスト.csv,97600,美容師 200万プレイヤー,
1066,美容師,美容師_サジェスト.csv,97700,美容師 25歳から,
1067,美容師,美容師_サジェスト.csv,97800,美容師 2年目,
1068,美容師,美容師_サジェスト.csv,97900,美容師 25歳 給料,
1069,美容師,美容師_サジェスト.csv,98000,美容師 2ch,
1070,美容師,美容師_サジェスト.csv,98100,美容師 23歳,
1071,美容師,美容師_サジェスト.csv,98200,美容師 25歳,
1072,美容師,美容師_サジェスト.csv,98300,美容師 20代 平均月収,
1073,美容師,美容師_サジェスト.csv,98400,美容師 20歳,
1074,美容師,美容師_サジェスト.csv,98500,美容師 30代から,
1075,美容師,美容師_サジェスト.csv,98600,美容師 3b,
1076,美容師,美容師_サジェスト.csv,98700,美容師 3年目 腕前,
1077,美容師,美容師_サジェスト.csv,98800,美容師 30代 年収,
1078,美容師,美容師_サジェスト.csv,98900,美容師 3年目,
1079,美容師,美容師_サジェスト.csv,99000,美容師 3k,
1080,美容師,美容師_サジェスト.csv,99100,美容師 30代,
1081,美容師,美容師_サジェスト.csv,99200,美容師 35歳 年収,
1082,美容師,美容師_サジェスト.csv,99300,美容師 3年目 給料,
1083,美容師,美容師_サジェスト.csv,99400,美容師 3bとは,
1084,美容師,美容師_サジェスト.csv,99500,美容師 40代,
1085,美容師,美容師_サジェスト.csv,99600,美容師 40代 女性,
1086,美容師,美容師_サジェスト.csv,99700,美容師 40代 年収,
1087,美容師,美容師_サジェスト.csv,99800,美容師 4年目,
1088,美容師,美容師_サジェスト.csv,99900,美容師 40代から,
1089,美容師,美容師_サジェスト.csv,100000,美容師 40代 男性,
1090,美容師,美容師_サジェスト.csv,100100,美容師 40歳,
1091,美容師,美容師_サジェスト.csv,100200,美容師 4年生大学,
1092,美容師,美容師_サジェスト.csv,100300,美容師 4年目 下手,
1093,美容師,美容師_サジェスト.csv,100400,美容師 40代 転職,
1094,美容師,美容師_サジェスト.csv,100500,美容師 50代,
1095,美容師,美容師_サジェスト.csv,100600,美容師 5年目,
1096,美容師,美容師_サジェスト.csv,100700,美容師 50代から,
1097,美容師,美容師_サジェスト.csv,100800,美容師 5年目 何歳,
1098,美容師,美容師_サジェスト.csv,100900,美容師 5年後の自分,
1099,美容師,美容師_サジェスト.csv,101000,美容師 50代 男,
1100,美容師,美容師_サジェスト.csv,101100,美容師 5年目 給料,
1101,美容師,美容師_サジェスト.csv,101200,美容師 50代 年収,
1102,美容師,美容師_サジェスト.csv,101300,美容師 5ch,
1103,美容師,美容師_サジェスト.csv,101400,美容師 60代 求人,
1104,美容師,美容師_サジェスト.csv,101500,美容師 60代,
1105,美容師,美容師_サジェスト.csv,101600,美容師 6年目,
1106,美容師,美容師_サジェスト.csv,101700,美容師 6年目 給料,
1107,美容師,美容師_サジェスト.csv,101800,美容師 6年目 何歳,
1108,美容師,美容師_サジェスト.csv,101900,美容師 7年目,
1109,美容師,美容師_サジェスト.csv,102000,美容師 7年目 年齢,
1110,美容師,美容師_サジェスト.csv,102100,美容師 7年目 給料,
1111,美容師,美容師_サジェスト.csv,102200,美容師 7インチ,
1112,美容師,美容師_サジェスト.csv,102300,美容師 70年代,
1114,美容師,美容師_サジェスト.csv,102500,美容師 売上 70万,
1115,美容師,美容師_サジェスト.csv,102600,美容師 シザーケース 7丁,
1116,美容師,美容師_サジェスト.csv,102700,70歳 美容師,
1117,美容師,美容師_サジェスト.csv,102800,70代 美容師,
1118,美容師,美容師_サジェスト.csv,102900,美容師 8年目 年齢,
1119,美容師,美容師_サジェスト.csv,103000,美容師 8年目 給料,
1120,美容師,美容師_サジェスト.csv,103100,美容師 88番,
1121,美容師,美容師_サジェスト.csv,103200,美容師 88番 隠語,
1122,美容師,美容師_サジェスト.csv,103300,美容師 8番,
1123,美容師,美容師_サジェスト.csv,103400,美容師 88,
1124,美容師,美容師_サジェスト.csv,103500,美容師 801,
1125,美容師,美容師_サジェスト.csv,103600,美容師 売り上げ 80万 給料,
1126,美容師,美容師_サジェスト.csv,103700,美容師 e3 80 80仕事内容,
1127,美容師,美容師_サジェスト.csv,103800,美容師 e3 80 80イラスト,
1128,美容師,美容師_サジェスト.csv,103900,美容師 9年目 年齢,
1129,美容師,美容師_サジェスト.csv,104000,美容師 92,
1130,美容師,美容師_サジェスト.csv,104100,90歳 美容師,
1131,美容師,美容師_質問.csv,1,美容師になるのは難しいですか？,
1132,美容師,美容師_質問.csv,2,美容師に向いている人の特徴は？,
1133,美容師,美容師_質問.csv,3,美容師の給料はいくらですか？,
1134,美容師,美容師_質問.csv,4,どんな人が美容師に向いていますか？,
1135,美容師,美容師_質問.csv,5,美容師はどんな仕事をしているの？,
1136,美容師,美容師_質問.csv,6,美容師は1日何時間働いていますか？,
1137,美容師,美容師_質問.csv,7,美容師 1日何人髪を切る？,
1138,美容師,美容師_質問.csv,8,美容師は何時に出勤しますか？,
1139,美容師,美容師_質問.csv,9,美容師 何時に仕事終わる？,
1140,美容師,美容師_質問.csv,10,美容師になるには何年かかりますか？,
1141,美容師,美容師_質問.csv,11,中卒でも美容師になれる？,
1142,美容師,美容師_質問.csv,12,中学生でも美容師になれる？,
1143,美容師,美容師_質問.csv,13,美容師の1ヶ月の給料はいくらですか？,
1144,美容師,美容師_質問.csv,14,トップ美容師の年収はいくらですか？,
1145,美容師,美容師_質問.csv,15,美容師の年収は低いですか？,
1146,美容師,美容師_質問.csv,16,美容師を10年やったら年収はいくらくらいですか？,
1147,美容師,美容師_質問.csv,17,美容師が言われて嫌なことは何ですか？,
1148,美容師,美容師_質問.csv,18,美容師で1番稼いでいる人は誰ですか？,
1149,美容師,美容師_質問.csv,19,美容師 何年で辞める？,
1150,美容師,美容師_質問.csv,20,美容師のやりがいや楽しいことは何ですか？,
1151,美容師,美容師_質問.csv,21,美容師の素敵なところは？,
1152,美容師,美容師_質問.csv,22,美容師をしていて大変なことは何ですか？,
1153,美容師,美容師_質問.csv,23,美容師に向いている性格は？,
1154,美容師,美容師_質問.csv,24,美容師になるには何資格が必要ですか？,
1155,美容師,美容師_質問.csv,25,美容師の資格を取るには何年かかりますか？,
1156,美容師,美容師_質問.csv,26,美容師免許はどうやって取りますか？,
1157,美容師,美容師_質問.csv,27,美容師になる資格は難しいですか？,
1158,美容師,美容師_質問.csv,28,美容師は英語で何と言いますか？,
1159,美容師,美容師_質問.csv,29,「Hairdresser」の読み方は？,
1160,美容師,美容師_質問.csv,30,Hair SalonとBeauty Salonの違いは何ですか？,
1161,美容師,美容師_質問.csv,31,美容師の別名は何ですか？,
1162,美容師,美容師_質問.csv,32,美容師はどんな仕事をしているのか？,
1163,美容師,美容師_質問.csv,33,美容師の仕事内容一覧は？,
1164,美容師,美容師_質問.csv,34,美容のお仕事とはどんなお仕事ですか？,
1196,美容師,美容師_質問.csv,32,美容師どんな仕事,
1205,美容師,美容師_潜在的な検索キーワード.csv,7,美容師になるために今からできること,
1209,美容師,美容師_潜在的な検索キーワード.csv,11,美容師の一日 円グラフ,
1210,美容師,美容師_潜在的な検索キーワード.csv,12,美容師 生活リズム,
1211,美容師,美容師_潜在的な検索キーワード.csv,13,美容師の一日の仕事内容は,
1212,美容師,美容師_潜在的な検索キーワード.csv,14,理容師 一日の流れ,
1213,美容師,美容師_潜在的な検索キーワード.csv,15,美容師 帰宅時間,
1214,美容師,美容師_潜在的な検索キーワード.csv,16,美容師の1日,
1223,美容師,美容師_潜在的な検索キーワード.csv,25,美容師 給料 低い,
1226,美容師,美容師_潜在的な検索キーワード.csv,28,美容師年収ランキング,
1227,美容師,美容師_潜在的な検索キーワード.csv,29,美容師 年収 30歳,
1228,美容師,美容師_潜在的な検索キーワード.csv,30,美容師 イラスト かわいい,
1230,美容師,美容師_潜在的な検索キーワード.csv,32,美容師 イラスト おしゃれ,
1233,美容師,美容師_潜在的な検索キーワード.csv,35,美容師 イラスト ゆるい,
1234,美容師,美容師_潜在的な検索キーワード.csv,36,美容師 やりがい 大変なこと,
1235,美容師,美容師_潜在的な検索キーワード.csv,37,美容師 やりがい ランキング,
1236,美容師,美容師_潜在的な検索キーワード.csv,38,美容師 やりがい 楽し さ,
1238,美容師,美容師_潜在的な検索キーワード.csv,40,美容師の魅力とは,
1239,美容師,美容師_潜在的な検索キーワード.csv,41,美容師 メリット デメリット,
1243,美容師,美容師_潜在的な検索キーワード.csv,45,美容師資格 通信,
1244,美容師,美容師_潜在的な検索キーワード.csv,46,美容師資格 最短,
1246,美容師,美容師_潜在的な検索キーワード.csv,48,美容師国家資格,
1247,美容師,美容師_潜在的な検索キーワード.csv,49,私は美容師になりたいです 英語,
1249,美容師,美容師_潜在的な検索キーワード.csv,51,美容師 英語 略,
1251,美容師,美容師_潜在的な検索キーワード.csv,53,ヘアスタイリスト 英語,
1253,美容師,美容師_潜在的な検索キーワード.csv,55,美容 英語,
1254,美容師,美容師_潜在的な検索キーワード.csv,56,理容師 英語,
1255,美容師,美容師_潜在的な検索キーワード.csv,57,美容師 どんな人が向いているか,
1257,美容師,美容師_潜在的な検索キーワード.csv,59,美容師 仕事内容 簡単に,
